# Tạo procedure thêm câu này vào trước:
# DROP PROCEDURE IF EXISTS <proc_name>;
#     Tạo bảng thêm câu này vào trước:

use airbnb;

# user tạm thoi
insert into airbnb.users_temporary(id, created_at, email, name, password, phone_number, role, updated_at)
values  (1, '2024-02-12 08:00:00.000000', 'tranminhtri@gmail.com', 'Trần Minh Trí ', '123', '0963451212', 'host', '2024-02-12 08:00:00.000000'),
        (2, '2024-02-11 09:30:00.000000', 'nguyenvana@gmail.com', 'Nguyễn Văn A', 'abc123', '0978456123', 'guest', '2024-02-11 09:30:00.000000'),
        (3, '2024-02-10 14:15:00.000000', 'lethimy@gmail.com', 'Lê Thị My', 'password456', '0912345678', 'host', '2024-02-10 14:15:00.000000'),
        (4, '2024-02-09 16:45:00.000000', 'phamquocbao@gmail.com', 'Phạm Quốc Bảo', 'securePass!', '0987123456', 'guest', null),
        (5, '2024-02-08 18:20:00.000000', 'hoangthuha@gmail.com', 'Hoàng Thu Hà', 'ha1234', '0934123456', 'host', '2024-02-10 11:15:00.000000'),
        (6, '2024-02-07 10:10:00.000000', 'danghuyduc@gmail.com', 'Đặng Huy Đức', 'duc9876', '0922334455', 'guest', null);


insert into airbnb.houses_images (image_id, created_at, image_url)
values  (1, '2024-02-12 08:10:00.000000', 'https://file4.batdongsan.com.vn/resize/1275x717/2024/09/26/20240926153758-8fa4_wm.jpg'),
        (2, '2025-02-12 13:56:22.000000', 'https://file4.batdongsan.com.vn/resize/1275x717/2025/01/03/20250103112337-bb3b_wm.jpg'),
        (3, '2025-02-12 13:56:22.000000', 'https://file4.batdongsan.com.vn/2025/01/03/20250103112334-a05c_wm.jpg'),
        (4, '2025-02-12 13:56:22.000000', 'https://img.iproperty.com.my/angel/750x1000-fit/wp-content/uploads/sites/7/2025/02/chung-cu.jpg'),
        (5, '2025-02-12 13:56:22.000000', 'https://file4.batdongsan.com.vn/resize/1275x717/2024/04/18/20240418142354-f001_wm.jpg'),
        (6, '2025-02-12 13:56:22.000000', 'https://file4.batdongsan.com.vn/2024/04/18/20240418142354-dddd_wm.jpg'),
        (7, '2025-02-12 13:56:22.000000', 'https://file4.batdongsan.com.vn/2023/04/04/20230404105604-88d3_wm.jpg'),
        (8, '2025-02-12 13:56:22.000000', 'https://file4.batdongsan.com.vn/2024/04/18/20240418142354-f001_wm.jpg'),
        (9, '2025-02-12 13:56:22.000000', 'https://file4.batdongsan.com.vn/2024/04/18/20240418142354-f001_wm.jpg'),
        (10, '2025-02-12 13:56:22.000000', 'https://file4.batdongsan.com.vn/resize/1275x717/2024/09/27/20240927082814-e11a_wm.jpg'),
        (11, '2025-02-12 13:56:22.000000', 'https://file4.batdongsan.com.vn/resize/1275x717/2025/01/03/20250103112337-c76d_wm.jpg'),
        (12, '2025-02-12 13:56:22.000000', 'https://file4.batdongsan.com.vn/2025/01/03/20250103112335-9950_wm.jpg'),
        (13, '2025-02-12 13:56:22.000000', 'https://file4.batdongsan.com.vn/2025/01/03/20250103112336-3ae5_wm.jpg'),
        (14, '2024-02-12 08:10:00.000000', 'https://file4.batdongsan.com.vn/resize/1275x717/2024/09/26/20240926153758-8fa4_wm.jpg'),
        (15, '2025-02-12 13:56:22.000000', 'https://file4.batdongsan.com.vn/resize/1275x717/2025/01/03/20250103112337-bb3b_wm.jpg'),
        (16, '2025-02-12 13:56:22.000000', 'https://file4.batdongsan.com.vn/2025/01/03/20250103112334-a05c_wm.jpg'),
        (17, '2025-02-12 13:56:22.000000', 'https://img.iproperty.com.my/angel/750x1000-fit/wp-content/uploads/sites/7/2025/02/chung-cu.jpg'),
        (18, '2025-02-12 13:56:22.000000', 'https://file4.batdongsan.com.vn/resize/1275x717/2024/04/18/20240418142354-f001_wm.jpg'),
        (19, '2025-02-12 13:56:22.000000', 'https://file4.batdongsan.com.vn/2024/04/18/20240418142354-dddd_wm.jpg'),
        (20, '2025-02-12 13:56:22.000000', 'https://file4.batdongsan.com.vn/2023/04/04/20230404105604-88d3_wm.jpg'),
        (21, '2025-02-12 13:56:22.000000', 'https://file4.batdongsan.com.vn/2024/04/18/20240418142354-f001_wm.jpg'),
        (22, '2025-02-12 13:56:22.000000', 'https://file4.batdongsan.com.vn/2024/04/18/20240418142354-f001_wm.jpg'),
        (23, '2025-02-12 13:56:22.000000', 'https://file4.batdongsan.com.vn/resize/1275x717/2024/09/27/20240927082814-e11a_wm.jpg'),
        (24, '2024-02-12 08:10:00.000000', 'https://file4.batdongsan.com.vn/resize/1275x717/2024/09/26/20240926153758-8fa4_wm.jpg'),
        (25, '2025-02-12 13:56:22.000000', 'https://file4.batdongsan.com.vn/resize/1275x717/2025/01/03/20250103112337-bb3b_wm.jpg'),
        (26, '2025-02-12 13:56:22.000000', 'https://file4.batdongsan.com.vn/2025/01/03/20250103112334-a05c_wm.jpg'),
        (27, '2025-02-12 13:56:22.000000', 'https://img.iproperty.com.my/angel/750x1000-fit/wp-content/uploads/sites/7/2025/02/chung-cu.jpg'),
        (28, '2025-02-12 13:56:22.000000', 'https://file4.batdongsan.com.vn/resize/1275x717/2024/04/18/20240418142354-f001_wm.jpg'),
        (29, '2025-02-12 13:56:22.000000', 'https://file4.batdongsan.com.vn/2024/04/18/20240418142354-dddd_wm.jpg'),
        (30, '2025-02-12 13:56:22.000000', 'https://file4.batdongsan.com.vn/2023/04/04/20230404105604-88d3_wm.jpg'),
        (31, '2025-02-12 13:56:22.000000', 'https://file4.batdongsan.com.vn/2024/04/18/20240418142354-f001_wm.jpg'),
        (32, '2025-02-12 13:56:22.000000', 'https://file4.batdongsan.com.vn/2024/04/18/20240418142354-f001_wm.jpg'),
        (33, '2025-02-12 13:56:22.000000', 'https://file4.batdongsan.com.vn/resize/1275x717/2024/09/27/20240927082814-e11a_wm.jpg'),
        (34, '2024-02-12 08:10:00.000000', 'https://file4.batdongsan.com.vn/resize/1275x717/2024/09/26/20240926153758-8fa4_wm.jpg'),
        (35, '2025-02-12 13:56:22.000000', 'https://file4.batdongsan.com.vn/resize/1275x717/2025/01/03/20250103112337-bb3b_wm.jpg'),
        (36, '2025-02-12 13:56:22.000000', 'https://file4.batdongsan.com.vn/2025/01/03/20250103112334-a05c_wm.jpg'),
        (37, '2025-02-12 13:56:22.000000', 'https://img.iproperty.com.my/angel/750x1000-fit/wp-content/uploads/sites/7/2025/02/chung-cu.jpg'),
        (38, '2025-02-12 13:56:22.000000', 'https://file4.batdongsan.com.vn/resize/1275x717/2024/04/18/20240418142354-f001_wm.jpg'),
        (39, '2025-02-12 13:56:22.000000', 'https://file4.batdongsan.com.vn/2024/04/18/20240418142354-dddd_wm.jpg'),
        (40, '2025-02-12 13:56:22.000000', 'https://file4.batdongsan.com.vn/2023/04/04/20230404105604-88d3_wm.jpg'),
        (41, '2025-02-12 13:56:22.000000', 'https://file4.batdongsan.com.vn/2024/04/18/20240418142354-f001_wm.jpg'),
        (42, '2025-02-12 13:56:22.000000', 'https://file4.batdongsan.com.vn/2024/04/18/20240418142354-f001_wm.jpg'),
        (43, '2025-02-12 13:56:22.000000', 'https://file4.batdongsan.com.vn/resize/1275x717/2024/09/27/20240927082814-e11a_wm.jpg'),
        (44, '2024-02-12 08:10:00.000000', 'https://file4.batdongsan.com.vn/resize/1275x717/2024/09/26/20240926153758-8fa4_wm.jpg'),
        (45, '2025-02-12 13:56:22.000000', 'https://file4.batdongsan.com.vn/resize/1275x717/2025/01/03/20250103112337-bb3b_wm.jpg'),
        (46, '2025-02-12 13:56:22.000000', 'https://file4.batdongsan.com.vn/2025/01/03/20250103112334-a05c_wm.jpg'),
        (47, '2025-02-12 13:56:22.000000', 'https://img.iproperty.com.my/angel/750x1000-fit/wp-content/uploads/sites/7/2025/02/chung-cu.jpg'),
        (48, '2025-02-12 13:56:22.000000', 'https://file4.batdongsan.com.vn/resize/1275x717/2024/04/18/20240418142354-f001_wm.jpg'),
        (49, '2025-02-12 13:56:22.000000', 'https://file4.batdongsan.com.vn/2024/04/18/20240418142354-dddd_wm.jpg'),
        (50, '2025-02-12 13:56:22.000000', 'https://file4.batdongsan.com.vn/2023/04/04/20230404105604-88d3_wm.jpg'),
        (51, '2025-02-12 13:56:22.000000', 'https://file4.batdongsan.com.vn/2024/04/18/20240418142354-f001_wm.jpg'),
        (52, '2025-02-12 13:56:22.000000', 'https://file4.batdongsan.com.vn/2024/04/18/20240418142354-f001_wm.jpg'),
        (53, '2025-02-12 13:56:22.000000', 'https://file4.batdongsan.com.vn/resize/1275x717/2024/09/27/20240927082814-e11a_wm.jpg'),
        (54, '2024-02-12 08:10:00.000000', 'https://file4.batdongsan.com.vn/resize/1275x717/2024/09/26/20240926153758-8fa4_wm.jpg'),
        (55, '2025-02-12 13:56:22.000000', 'https://file4.batdongsan.com.vn/resize/1275x717/2025/01/03/20250103112337-bb3b_wm.jpg'),
        (56, '2025-02-12 13:56:22.000000', 'https://file4.batdongsan.com.vn/2025/01/03/20250103112334-a05c_wm.jpg'),
        (57, '2025-02-12 13:56:22.000000', 'https://img.iproperty.com.my/angel/750x1000-fit/wp-content/uploads/sites/7/2025/02/chung-cu.jpg'),
        (58, '2025-02-12 13:56:22.000000', 'https://file4.batdongsan.com.vn/resize/1275x717/2024/04/18/20240418142354-f001_wm.jpg'),
        (59, '2025-02-12 13:56:22.000000', 'https://file4.batdongsan.com.vn/2024/04/18/20240418142354-dddd_wm.jpg'),
        (60, '2025-02-12 13:56:22.000000', 'https://file4.batdongsan.com.vn/2023/04/04/20230404105604-88d3_wm.jpg'),
        (61, '2025-02-12 13:56:22.000000', 'https://file4.batdongsan.com.vn/2024/04/18/20240418142354-f001_wm.jpg'),
        (62, '2025-02-12 13:56:22.000000', 'https://file4.batdongsan.com.vn/2024/04/18/20240418142354-f001_wm.jpg'),
        (63, '2025-02-12 13:56:22.000000', 'https://file4.batdongsan.com.vn/resize/1275x717/2024/09/27/20240927082814-e11a_wm.jpg'),
        (64, '2024-02-12 08:10:00.000000', 'https://file4.batdongsan.com.vn/resize/1275x717/2024/09/26/20240926153758-8fa4_wm.jpg'),
        (65, '2025-02-12 13:56:22.000000', 'https://file4.batdongsan.com.vn/resize/1275x717/2025/01/03/20250103112337-bb3b_wm.jpg'),
        (66, '2025-02-12 13:56:22.000000', 'https://file4.batdongsan.com.vn/2025/01/03/20250103112334-a05c_wm.jpg'),
        (67, '2025-02-12 13:56:22.000000', 'https://img.iproperty.com.my/angel/750x1000-fit/wp-content/uploads/sites/7/2025/02/chung-cu.jpg'),
        (68, '2025-02-12 13:56:22.000000', 'https://file4.batdongsan.com.vn/resize/1275x717/2024/04/18/20240418142354-f001_wm.jpg'),
        (69, '2025-02-12 13:56:22.000000', 'https://file4.batdongsan.com.vn/2024/04/18/20240418142354-dddd_wm.jpg'),
        (70, '2025-02-12 13:56:22.000000', 'https://file4.batdongsan.com.vn/2023/04/04/20230404105604-88d3_wm.jpg'),
        (71, '2025-02-12 13:56:22.000000', 'https://file4.batdongsan.com.vn/2024/04/18/20240418142354-f001_wm.jpg'),
        (72, '2025-02-12 13:56:22.000000', 'https://file4.batdongsan.com.vn/2024/04/18/20240418142354-f001_wm.jpg'),
        (73, '2025-02-12 13:56:22.000000', 'https://file4.batdongsan.com.vn/resize/1275x717/2024/09/27/20240927082814-e11a_wm.jpg'),
        (74, '2024-02-12 08:10:00.000000', 'https://file4.batdongsan.com.vn/resize/1275x717/2024/09/26/20240926153758-8fa4_wm.jpg'),
        (75, '2025-02-12 13:56:22.000000', 'https://file4.batdongsan.com.vn/resize/1275x717/2025/01/03/20250103112337-bb3b_wm.jpg'),
        (76, '2025-02-12 13:56:22.000000', 'https://file4.batdongsan.com.vn/2025/01/03/20250103112334-a05c_wm.jpg'),
        (77, '2025-02-12 13:56:22.000000', 'https://img.iproperty.com.my/angel/750x1000-fit/wp-content/uploads/sites/7/2025/02/chung-cu.jpg'),
        (78, '2025-02-12 13:56:22.000000', 'https://file4.batdongsan.com.vn/resize/1275x717/2024/04/18/20240418142354-f001_wm.jpg'),
        (79, '2025-02-12 13:56:22.000000', 'https://file4.batdongsan.com.vn/2024/04/18/20240418142354-dddd_wm.jpg'),
        (80, '2025-02-12 13:56:22.000000', 'https://file4.batdongsan.com.vn/2023/04/04/20230404105604-88d3_wm.jpg'),
        (81, '2025-02-12 13:56:22.000000', 'https://file4.batdongsan.com.vn/2024/04/18/20240418142354-f001_wm.jpg'),
        (82, '2025-02-12 13:56:22.000000', 'https://file4.batdongsan.com.vn/2024/04/18/20240418142354-f001_wm.jpg'),
        (83, '2025-02-12 13:56:22.000000', 'https://file4.batdongsan.com.vn/resize/1275x717/2024/09/27/20240927082814-e11a_wm.jpg'),
        (84, '2024-02-12 08:10:00.000000', 'https://file4.batdongsan.com.vn/resize/1275x717/2024/09/26/20240926153758-8fa4_wm.jpg'),
        (85, '2025-02-12 13:56:22.000000', 'https://file4.batdongsan.com.vn/resize/1275x717/2025/01/03/20250103112337-bb3b_wm.jpg'),
        (86, '2025-02-12 13:56:22.000000', 'https://file4.batdongsan.com.vn/2025/01/03/20250103112334-a05c_wm.jpg'),
        (87, '2025-02-12 13:56:22.000000', 'https://img.iproperty.com.my/angel/750x1000-fit/wp-content/uploads/sites/7/2025/02/chung-cu.jpg'),
        (88, '2025-02-12 13:56:22.000000', 'https://file4.batdongsan.com.vn/resize/1275x717/2024/04/18/20240418142354-f001_wm.jpg'),
        (89, '2025-02-12 13:56:22.000000', 'https://file4.batdongsan.com.vn/2024/04/18/20240418142354-dddd_wm.jpg'),
        (90, '2025-02-12 13:56:22.000000', 'https://file4.batdongsan.com.vn/2023/04/04/20230404105604-88d3_wm.jpg'),
        (91, '2025-02-12 13:56:22.000000', 'https://file4.batdongsan.com.vn/2024/04/18/20240418142354-f001_wm.jpg'),
        (92, '2025-02-12 13:56:22.000000', 'https://file4.batdongsan.com.vn/2024/04/18/20240418142354-f001_wm.jpg'),
        (93, '2025-02-12 13:56:22.000000', 'https://file4.batdongsan.com.vn/resize/1275x717/2024/09/27/20240927082814-e11a_wm.jpg'),
        (94, '2024-02-12 08:10:00.000000', 'https://file4.batdongsan.com.vn/resize/1275x717/2024/09/26/20240926153758-8fa4_wm.jpg'),
        (95, '2025-02-12 13:56:22.000000', 'https://file4.batdongsan.com.vn/resize/1275x717/2025/01/03/20250103112337-bb3b_wm.jpg'),
        (96, '2025-02-12 13:56:22.000000', 'https://file4.batdongsan.com.vn/2025/01/03/20250103112334-a05c_wm.jpg'),
        (97, '2025-02-12 13:56:22.000000', 'https://img.iproperty.com.my/angel/750x1000-fit/wp-content/uploads/sites/7/2025/02/chung-cu.jpg'),
        (98, '2025-02-12 13:56:22.000000', 'https://file4.batdongsan.com.vn/resize/1275x717/2024/04/18/20240418142354-f001_wm.jpg'),
        (99, '2025-02-12 13:56:22.000000', 'https://file4.batdongsan.com.vn/2024/04/18/20240418142354-dddd_wm.jpg'),
        (100, '2025-02-12 13:56:22.000000', 'https://file4.batdongsan.com.vn/2023/04/04/20230404105604-88d3_wm.jpg'),
        (101, '2025-02-12 13:56:22.000000', 'https://file4.batdongsan.com.vn/2024/04/18/20240418142354-f001_wm.jpg'),
        (102, '2025-02-12 13:56:22.000000', 'https://file4.batdongsan.com.vn/2024/04/18/20240418142354-f001_wm.jpg'),
        (103, '2025-02-12 13:56:22.000000', 'https://file4.batdongsan.com.vn/resize/1275x717/2024/09/27/20240927082814-e11a_wm.jpg'),
        (104, '2024-02-12 08:10:00.000000', 'https://file4.batdongsan.com.vn/resize/1275x717/2024/09/26/20240926153758-8fa4_wm.jpg'),
        (105, '2025-02-12 13:56:22.000000', 'https://file4.batdongsan.com.vn/resize/1275x717/2025/01/03/20250103112337-bb3b_wm.jpg'),
        (106, '2025-02-12 13:56:22.000000', 'https://file4.batdongsan.com.vn/2025/01/03/20250103112334-a05c_wm.jpg'),
        (107, '2025-02-12 13:56:22.000000', 'https://img.iproperty.com.my/angel/750x1000-fit/wp-content/uploads/sites/7/2025/02/chung-cu.jpg'),
        (108, '2025-02-12 13:56:22.000000', 'https://file4.batdongsan.com.vn/resize/1275x717/2024/04/18/20240418142354-f001_wm.jpg'),
        (109, '2025-02-12 13:56:22.000000', 'https://file4.batdongsan.com.vn/2024/04/18/20240418142354-dddd_wm.jpg'),
        (110, '2025-02-12 13:56:22.000000', 'https://file4.batdongsan.com.vn/2023/04/04/20230404105604-88d3_wm.jpg'),
        (111, '2025-02-12 13:56:22.000000', 'https://file4.batdongsan.com.vn/2024/04/18/20240418142354-f001_wm.jpg'),
        (112, '2025-02-12 13:56:22.000000', 'https://file4.batdongsan.com.vn/2024/04/18/20240418142354-f001_wm.jpg'),
        (113, '2025-02-12 13:56:22.000000', 'https://file4.batdongsan.com.vn/resize/1275x717/2024/09/27/20240927082814-e11a_wm.jpg'),
        (114, '2024-02-12 08:10:00.000000', 'https://file4.batdongsan.com.vn/resize/1275x717/2024/09/26/20240926153758-8fa4_wm.jpg'),
        (115, '2025-02-12 13:56:22.000000', 'https://file4.batdongsan.com.vn/resize/1275x717/2025/01/03/20250103112337-bb3b_wm.jpg'),
        (116, '2025-02-12 13:56:22.000000', 'https://file4.batdongsan.com.vn/2025/01/03/20250103112334-a05c_wm.jpg'),
        (117, '2025-02-12 13:56:22.000000', 'https://img.iproperty.com.my/angel/750x1000-fit/wp-content/uploads/sites/7/2025/02/chung-cu.jpg'),
        (118, '2025-02-12 13:56:22.000000', 'https://file4.batdongsan.com.vn/resize/1275x717/2024/04/18/20240418142354-f001_wm.jpg'),
        (119, '2025-02-12 13:56:22.000000', 'https://file4.batdongsan.com.vn/2024/04/18/20240418142354-dddd_wm.jpg'),
        (120, '2025-02-12 13:56:22.000000', 'https://file4.batdongsan.com.vn/2023/04/04/20230404105604-88d3_wm.jpg'),
        (121, '2025-02-12 13:56:22.000000', 'https://file4.batdongsan.com.vn/2024/04/18/20240418142354-f001_wm.jpg'),
        (122, '2025-02-12 13:56:22.000000', 'https://file4.batdongsan.com.vn/2024/04/18/20240418142354-f001_wm.jpg'),
        (123, '2025-02-12 13:56:22.000000', 'https://file4.batdongsan.com.vn/resize/1275x717/2024/09/27/20240927082814-e11a_wm.jpg'),
        (124, '2024-02-12 08:10:00.000000', 'https://file4.batdongsan.com.vn/resize/1275x717/2024/09/26/20240926153758-8fa4_wm.jpg'),
        (125, '2025-02-12 13:56:22.000000', 'https://file4.batdongsan.com.vn/resize/1275x717/2025/01/03/20250103112337-bb3b_wm.jpg'),
        (126, '2025-02-12 13:56:22.000000', 'https://file4.batdongsan.com.vn/2025/01/03/20250103112334-a05c_wm.jpg'),
        (127, '2025-02-12 13:56:22.000000', 'https://img.iproperty.com.my/angel/750x1000-fit/wp-content/uploads/sites/7/2025/02/chung-cu.jpg'),
        (128, '2025-02-12 13:56:22.000000', 'https://file4.batdongsan.com.vn/resize/1275x717/2024/04/18/20240418142354-f001_wm.jpg'),
        (129, '2025-02-12 13:56:22.000000', 'https://file4.batdongsan.com.vn/2024/04/18/20240418142354-dddd_wm.jpg'),
        (130, '2025-02-12 13:56:22.000000', 'https://file4.batdongsan.com.vn/2023/04/04/20230404105604-88d3_wm.jpg'),
        (131, '2025-02-12 13:56:22.000000', 'https://file4.batdongsan.com.vn/2024/04/18/20240418142354-f001_wm.jpg'),
        (132, '2025-02-12 13:56:22.000000', 'https://file4.batdongsan.com.vn/2024/04/18/20240418142354-f001_wm.jpg'),
        (133, '2025-02-12 13:56:22.000000', 'https://file4.batdongsan.com.vn/resize/1275x717/2024/09/27/20240927082814-e11a_wm.jpg'),
        (134, '2024-02-12 08:10:00.000000', 'https://file4.batdongsan.com.vn/resize/1275x717/2024/09/26/20240926153758-8fa4_wm.jpg'),
        (135, '2025-02-12 13:56:22.000000', 'https://file4.batdongsan.com.vn/resize/1275x717/2025/01/03/20250103112337-bb3b_wm.jpg'),
        (136, '2025-02-12 13:56:22.000000', 'https://file4.batdongsan.com.vn/2025/01/03/20250103112334-a05c_wm.jpg'),
        (137, '2025-02-12 13:56:22.000000', 'https://img.iproperty.com.my/angel/750x1000-fit/wp-content/uploads/sites/7/2025/02/chung-cu.jpg'),
        (138, '2025-02-12 13:56:22.000000', 'https://file4.batdongsan.com.vn/resize/1275x717/2024/04/18/20240418142354-f001_wm.jpg'),
        (139, '2025-02-12 13:56:22.000000', 'https://file4.batdongsan.com.vn/2024/04/18/20240418142354-dddd_wm.jpg'),
        (140, '2025-02-12 13:56:22.000000', 'https://file4.batdongsan.com.vn/2023/04/04/20230404105604-88d3_wm.jpg'),
        (141, '2025-02-12 13:56:22.000000', 'https://file4.batdongsan.com.vn/2024/04/18/20240418142354-f001_wm.jpg'),
        (142, '2025-02-12 13:56:22.000000', 'https://file4.batdongsan.com.vn/2024/04/18/20240418142354-f001_wm.jpg'),
        (143, '2025-02-12 13:56:22.000000', 'https://file4.batdongsan.com.vn/resize/1275x717/2024/09/27/20240927082814-e11a_wm.jpg'),
        (144, '2024-02-12 08:10:00.000000', 'https://file4.batdongsan.com.vn/resize/1275x717/2024/09/26/20240926153758-8fa4_wm.jpg'),
        (145, '2025-02-12 13:56:22.000000', 'https://file4.batdongsan.com.vn/resize/1275x717/2025/01/03/20250103112337-bb3b_wm.jpg'),
        (146, '2025-02-12 13:56:22.000000', 'https://file4.batdongsan.com.vn/2025/01/03/20250103112334-a05c_wm.jpg'),
        (147, '2025-02-12 13:56:22.000000', 'https://img.iproperty.com.my/angel/750x1000-fit/wp-content/uploads/sites/7/2025/02/chung-cu.jpg'),
        (148, '2025-02-12 13:56:22.000000', 'https://file4.batdongsan.com.vn/resize/1275x717/2024/04/18/20240418142354-f001_wm.jpg'),
        (149, '2025-02-12 13:56:22.000000', 'https://file4.batdongsan.com.vn/2024/04/18/20240418142354-dddd_wm.jpg'),
        (150, '2025-02-12 13:56:22.000000', 'https://file4.batdongsan.com.vn/2023/04/04/20230404105604-88d3_wm.jpg'),
        (151, '2025-02-12 13:56:22.000000', 'https://file4.batdongsan.com.vn/2024/04/18/20240418142354-f001_wm.jpg'),
        (152, '2025-02-12 13:56:22.000000', 'https://file4.batdongsan.com.vn/2024/04/18/20240418142354-f001_wm.jpg'),
        (153, '2025-02-12 13:56:22.000000', 'https://file4.batdongsan.com.vn/resize/1275x717/2024/09/27/20240927082814-e11a_wm.jpg');




INSERT INTO airbnb.houses
(id, address, bathrooms, bedrooms, created_at, description, end_date, house_name, price, start_date, status, updated_at, host_id)
VALUES
    (1, '36 Hang Be, Hoan Kiem', 2, 3, '2024-02-12 08:00:00.000000', 'Fully-equipped apartment, centrally located, suitable for couples or small families.', '2024-02-20', 'Luxury apartment near Hoan Kiem Lake', 800000.00, '2024-02-15', 'AVAILABLE', '2024-02-12 08:00:00.000000', 1),
    (2, '123 Vo Nguyen Giap, Son Tra', 3, 4, '2024-02-10 10:30:00.000000', 'Luxurious villa with a private pool and stunning sea view.', '2024-03-07', 'Beachside villa in Da Nang', 2500000.00, '2024-03-01', 'RENTED', '2024-02-11 12:00:00.000000', 2),
    (3, '50 Nguyen Thi Minh Khai, District 1', 1, 1, '2024-02-05 14:15:00.000000', 'Compact apartment, ideal for office workers or travelers.', '2024-02-25', 'Mini condominium in District 1', 600000.00, '2024-02-20', 'AVAILABLE', '2024-02-06 09:30:00.000000', 3),
    (4, '5 Hoang Hoa Tham', 2, 3, '2024-02-01 17:45:00.000000', 'Cozy space with vintage style, close to Da Lat Market.', '2024-02-28', 'Wooden homestay in Da Lat', 900000.00, '2024-02-18', 'RENTED', '2024-02-02 10:00:00.000000', 4),
    (5, '89 Fansipan', 1, 2, '2024-02-08 11:00:00.000000', 'Spacious area with a stunning mountain view, near the town center.', '2024-04-20', 'Mountain view guesthouse in Sapa', 700000.00, '2024-04-10', 'AVAILABLE', '2024-02-09 08:30:00.000000', 5),
    (6, '26 Tran Phu', 2, 2, '2024-01-20 09:30:00.000000', 'Mini hotel, near the beach, fully equipped with a balcony offering a beautiful view.', '2024-02-28', 'Beachside hotel in Nha Trang', 850000.00, '2024-02-10', 'RENTED', '2024-01-21 10:00:00.000000', 6),
    (7, '78 Ly Thuong Kiet', 1, 1, '2024-02-03 15:20:00.000000', 'Modern studio apartment, near the Old Quarter, ideal for office workers.', '2024-03-10', 'High-end studio in Hanoi Old Quarter', 750000.00, '2024-02-20', 'AVAILABLE', '2024-02-04 09:15:00.000000', 4),
    (8, '110 Nguyen Van Linh', 2, 2, '2024-02-06 12:45:00.000000', 'City center apartment, fully furnished and conveniently located.', '2024-03-15', 'Luxury apartment in Da Nang', 950000.00, '2024-03-01', 'AVAILABLE', '2024-02-07 07:30:00.000000', 3),
    (9, '22 Mai Xuan Thuong', 2, 3, '2024-01-28 08:00:00.000000', 'Spacious garden house with a classic style in a tranquil setting.', '2024-02-25', 'Traditional-style garden house in Hue', 650000.00, '2024-02-15', 'AVAILABLE', '2024-01-29 10:00:00.000000', 2),
    (10, '37 Le Loi', 2, 3, '2024-02-02 14:10:00.000000', 'Sea-facing homestay near Bai Chay, conveniently located.', '2024-03-05', 'Halong Bay homestay', 900000.00, '2024-02-25', 'AVAILABLE', '2024-02-03 08:45:00.000000', 1),
    (11, '15 Nguyen Trai, District 5', 2, 2, '2024-02-14 09:00:00.000000', 'Spacious apartment with modern amenities in the heart of the city.', '2024-03-14', 'Modern apartment in District 5', 700000.00, '2024-02-18', 'RENTED', '2024-02-14 09:00:00.000000', 2),
    (12, '99 Tran Hung Dao, District 3', 1, 1, '2024-02-15 10:00:00.000000', 'Cozy apartment with all essentials, perfect for short stays.', '2024-03-01', 'Cozy apartment in District 3', 550000.00, '2024-02-16', 'RENTED', '2024-02-15 10:00:00.000000', 3),
    (13, '45 Le Duan, District 1', 3, 3, '2024-02-16 11:30:00.000000', 'Luxurious high-rise apartment with stunning city views.', '2024-03-20', 'Luxury high-rise apartment in District 1', 1800000.00, '2024-02-20', 'RENTED', '2024-02-16 11:30:00.000000', 1),
    (14, '210 Hai Ba Trung, Hanoi', 4, 5, '2024-02-17 12:00:00.000000', 'Modern villa with a spacious garden and ample parking.', '2024-03-10', 'Modern villa in central Hanoi', 3500000.00, '2024-02-19', 'RENTED', '2024-02-17 12:00:00.000000', 4),
    (15, '72 Nguyen Hue, Da Nang', 2, 2, '2024-02-18 08:45:00.000000', 'Stylish apartment in a prime location with sea views.', '2024-03-12', 'Stylish sea view apartment in Da Nang', 1200000.00, '2024-02-20', 'RENTED', '2024-02-18 08:45:00.000000', 5),
    (16, '33 Nguyen Van Linh, Da Nang', 1, 1, '2024-02-19 14:30:00.000000', 'Cozy homestay with authentic local charm.', '2024-03-25', 'Cozy homestay in Da Nang', 800000.00, '2024-02-21', 'RENTED', '2024-02-19 14:30:00.000000', 2),
    (17, '80 Le Loi, Quang Ninh', 2, 2, '2024-02-20 10:15:00.000000', 'Beachfront homestay with breathtaking bay views.', '2024-03-08', 'Beachfront homestay in Quang Ninh', 950000.00, '2024-02-23', 'RENTED', '2024-02-20 10:15:00.000000', 1),
    (18, '120 Tran Phu, Nha Trang', 3, 4, '2024-02-21 16:00:00.000000', 'Elegant resort with modern facilities and a private beach.', '2024-03-30', 'Elegant beach resort in Nha Trang', 2200000.00, '2024-02-22', 'RENTED', '2024-02-21 16:00:00.000000', 6),
    (19, '55 Hang Bac, Hanoi', 1, 1, '2024-02-22 09:45:00.000000', 'Boutique apartment in the heart of the Old Quarter.', '2024-03-18', 'Boutique apartment in Hanoi Old Quarter', 850000.00, '2024-02-23', 'RENTED', '2024-02-22 09:45:00.000000', 3),
    (20, '18 Phan Dinh Phung, Hue', 2, 3, '2024-02-23 11:00:00.000000', 'Traditional house with modern amenities in a historic area.', '2024-03-15', 'Traditional house in Hue', 800000.00, '2024-02-24', 'RENTED', '2024-02-23 11:00:00.000000', 2);




INSERT INTO airbnb.houses
(id, address, bathrooms, bedrooms, created_at, description, end_date, house_name, price, start_date, status, updated_at, host_id)
VALUES
    (21, '101 Bach Dang, Da Nang', 2, 2, '2024-02-24 09:00:00.000000', 'Modern apartment with sea view in central Da Nang.', '2024-03-05', 'Sea view apartment in Da Nang', 1100000.00, '2024-02-27', 'AVAILABLE', '2024-02-24 09:00:00.000000', 1),
    (22, '45 Nguyen Van Linh, Da Nang', 3, 4, '2024-02-24 10:30:00.000000', 'Spacious villa with modern amenities and pool.', '2024-03-10', 'Modern villa in Da Nang', 2400000.00, '2024-02-28', 'RENTED', '2024-02-24 10:30:00.000000', 2),
    (23, '88 Le Duan, Da Nang', 1, 1, '2024-02-25 08:15:00.000000', 'Cozy studio ideal for business travelers.', '2024-03-02', 'Cozy studio in Da Nang', 800000.00, '2024-02-26', 'AVAILABLE', '2024-02-25 08:15:00.000000', 3),
    (24, '202 Nguyen Chi Thanh, Da Nang', 2, 3, '2024-02-25 11:00:00.000000', 'Elegant penthouse with panoramic city views.', '2024-03-15', 'Panoramic penthouse in Da Nang', 1800000.00, '2024-02-28', 'BOOKING', '2024-02-25 11:00:00.000000', 4),
    (25, '57 Tran Hung Dao, Da Nang', 1, 2, '2024-02-26 09:45:00.000000', 'Compact apartment in the heart of Da Nang.', '2024-03-08', 'Central apartment in Da Nang', 950000.00, '2024-02-27', 'AVAILABLE', '2024-02-26 09:45:00.000000', 5),
    (26, '12 Nguyen Thi Minh Khai, Can Tho', 2, 2, '2024-02-27 08:00:00.000000', 'Modern riverside apartment with serene views.', '2024-03-10', 'Riverside apartment in Can Tho', 700000.00, '2024-02-29', 'AVAILABLE', '2024-02-27 08:00:00.000000', 6),
    (27, '34 Le Quy Don, Can Tho', 3, 4, '2024-02-27 10:00:00.000000', 'Spacious villa with garden view in Can Tho.', '2024-03-15', 'Garden villa in Can Tho', 1500000.00, '2024-02-28', 'RENTED', '2024-02-27 10:00:00.000000', 1),
    (28, '78 Tran Hung Dao, Can Tho', 1, 1, '2024-02-28 09:30:00.000000', 'Cozy home with easy access to local markets.', '2024-03-12', 'Cozy home in Can Tho', 600000.00, '2024-03-01', 'AVAILABLE', '2024-02-28 09:30:00.000000', 2),
    (29, '56 Ngo Quyen, Can Tho', 2, 3, '2024-02-28 11:15:00.000000', 'Luxury apartment overlooking the Hau River.', '2024-03-20', 'Luxury river view apartment in Can Tho', 1300000.00, '2024-03-02', 'BOOKING', '2024-02-28 11:15:00.000000', 3),
    (30, '99 Vo Van Tan, Can Tho', 1, 1, '2024-02-28 12:45:00.000000', 'Contemporary condo in a bustling area of Can Tho.', '2024-03-18', 'Modern condo in Can Tho', 650000.00, '2024-03-01', 'AVAILABLE', '2024-02-28 12:45:00.000000', 4),
    (31, '200 Nguyen Thi Minh Khai, Nha Trang', 2, 2, '2024-02-29 08:00:00.000000', 'Elegant apartment with ocean view in Nha Trang.', '2024-03-10', 'Ocean view apartment in Nha Trang', 1000000.00, '2024-03-01', 'AVAILABLE', '2024-02-29 08:00:00.000000', 5),
    (32, '75 Tran Phu, Nha Trang', 1, 1, '2024-02-29 10:15:00.000000', 'Cozy bungalow with private garden.', '2024-03-12', 'Garden bungalow in Nha Trang', 750000.00, '2024-03-02', 'RENTED', '2024-02-29 10:15:00.000000', 6),
    (33, '88 Le Thanh Ton, Nha Trang', 3, 4, '2024-03-01 09:30:00.000000', 'Luxury villa with a private pool and sea view.', '2024-03-20', 'Luxury villa in Nha Trang', 2500000.00, '2024-03-03', 'BOOKING', '2024-03-01 09:30:00.000000', 1),
    (34, '56 Nguyen Thien Thuat, Nha Trang', 2, 2, '2024-03-01 11:00:00.000000', 'Modern condo in the central district of Nha Trang.', '2024-03-15', 'Modern condo in Nha Trang', 900000.00, '2024-03-02', 'AVAILABLE', '2024-03-01 11:00:00.000000', 2),
    (35, '10 Phan Chu Trinh, Nha Trang', 1, 2, '2024-03-01 12:30:00.000000', 'Charming seaside cottage perfect for families.', '2024-03-18', 'Seaside cottage in Nha Trang', 850000.00, '2024-03-03', 'AVAILABLE', '2024-03-01 12:30:00.000000', 3),
    (36, '150 Xuan Vien, Lao Cai', 1, 2, '2024-03-02 09:00:00.000000', 'Rustic guesthouse with mountain views in Lao Cai.', '2024-03-20', 'Mountain view guesthouse in Lao Cai', 600000.00, '2024-03-03', 'AVAILABLE', '2024-03-02 09:00:00.000000', 4),
    (37, '32 Fansipan Road, Lao Cai', 1, 1, '2024-03-02 10:15:00.000000', 'Cozy cabin nestled near the Fansipan mountains.', '2024-03-25', 'Cozy cabin in Lao Cai', 550000.00, '2024-03-04', 'RENTED', '2024-03-02 10:15:00.000000', 5),
    (38, '77 Chieu Van, Lao Cai', 2, 3, '2024-03-02 12:00:00.000000', 'Spacious lodge with traditional decor and modern comforts.', '2024-03-22', 'Traditional lodge in Lao Cai', 950000.00, '2024-03-05', 'BOOKING', '2024-03-02 12:00:00.000000', 6),
    (39, '89 Phan Thuc Duyen, Lao Cai', 3, 4, '2024-03-03 08:45:00.000000', 'Elegant villa with panoramic views of the mountains.', '2024-03-28', 'Elegant mountain villa in Lao Cai', 2000000.00, '2024-03-06', 'AVAILABLE', '2024-03-03 08:45:00.000000', 1),
    (40, '65 Dao Duy Anh, Lao Cai', 2, 2, '2024-03-03 10:30:00.000000', 'Modern apartment with a mix of contemporary and traditional style.', '2024-03-18', 'Contemporary apartment in Lao Cai', 800000.00, '2024-03-04', 'RENTED', '2024-03-03 10:30:00.000000', 2);


insert into airbnb.house_image_join (house_id, image_id)
values  (1, 4),
        (1, 5),
        (1, 6),
        (2, 1),
        (2, 2),
        (2, 3),
        (2, 7),
        (3, 8),
        (3, 9),
        (4, 10),
        (4, 11),
        (5, 12),
        (5, 13),
        (6, 14),
        (6, 15),
        (7, 16),
        (7, 17),
        (7, 18),
        (8, 19),
        (8, 20),
        (8, 21),
        (8, 22),
        (9, 23),
        (9, 24),
        (9, 25),
        (10, 26),
        (10, 27),
        (11, 28),
        (11, 29),
        (12, 30),
        (12, 31),
        (13, 32),
        (13, 33),
        (14, 34),
        (14, 35),
        (15, 36),
        (15, 37),
        (16, 38),
        (16, 39),
        (17, 40),
        (17, 41),
        (17, 42),
        (18, 43),
        (18, 44),
        (18, 45),
        (19, 46),
        (19, 47),
        (20, 48),
        (20, 49);



insert into airbnb.house_image_join (house_id, image_id)
values

    (21, 50),
    (21, 51),
    (21, 52),
    (22, 53),
    (22, 54),
    (22, 55),
    (23, 56),
    (23, 57),
    (23, 58),
    (24, 59),
    (24, 60),
    (24, 61),
    (25, 62),
    (25, 63),
    (25, 64),
    (26, 65),
    (26, 66),
    (26, 67),
    (27, 68),
    (27, 69),
    (27, 70),
    (28, 71),
    (28, 72),
    (28, 73),
    (29, 74),
    (29, 75),
    (29, 76),
    (30, 77),
    (30, 78),
    (30, 79),
    (31, 80),
    (31, 81),
    (31, 82),
    (32, 83),
    (32, 84),
    (32, 85),
    (33, 86),
    (33, 87),
    (33, 88),
    (34, 89),
    (34, 90),
    (34, 91),
    (35, 92),
    (35, 93),
    (35, 94),
    (36, 95),
    (36, 96),
    (36, 97),
    (37, 98),
    (37, 99),
    (37, 100),
    (38, 101),
    (38, 102),
    (38, 103),
    (39, 104),
    (39, 105),
    (39, 106),
    (40, 107),
    (40, 108),
    (40, 109);
